{
    "posture_business_center_batA_1_11_7fps.mp4_frame_000000_T5071.JPG": [
        {
            "0": 272.0,
            "1": 214.0,
            "2": 295.0,
            "3": 255.0,
            "label": 0,
            "conf": 0.5092347264289856,
            "category": "s"
        },
        {
            "0": 451.0,
            "1": 177.0,
            "2": 463.0,
            "3": 195.0,
            "label": 0,
            "conf": 0.13056522607803345,
            "category": "vs"
        }
    ],
    "posture_business_center_batA_1_11_7fps.mp4_frame_000100_T5071.JPG": [
        {
            "0": 291.0,
            "1": 220.0,
            "2": 311.0,
            "3": 253.0,
            "label": 0,
            "conf": 0.3153200149536133,
            "category": "s"
        }
    ]
}  
